{
    "rmse": 0.5763955390355344,
    "mae": 0.449253058587066,
    "r2": 0.402968654056419
}