{
    "rmse": 0.5760941992465171,
    "mae": 0.4485598562992111,
    "r2": 0.4035927472678341
}